state,bin_center,dsdo_mbsr,stat_err,syst_half,scale_err_corr,band_pointwise,lo_pointwise,hi_pointwise,scale_lo,scale_hi
ex2.763_1half-,11.25,0.0486012,4.23504,0.0053384,0.00583214,4.23504,0,4.28364,0.0427691,0.0544333
ex2.763_1half-,13.75,0.731148,0.31733,0.070832,0.0877378,0.325139,0.406009,1.05629,0.64341,0.818886
ex2.763_1half-,16.25,0.904493,0.294008,0.0538535,0.108539,0.298899,0.605594,1.20339,0.795954,1.01303
ex2.763_1half-,18.75,0.494252,0.251376,0.059081,0.0593102,0.258226,0.236026,0.752478,0.434942,0.553562
ex2.763_1half-,21.25,0.97173,0.254898,0.035832,0.116608,0.257404,0.714326,1.22913,0.855122,1.08834
ex2.763_1half-,23.75,0.156156,0.167764,0.030303,0.0187387,0.170479,0,0.326635,0.137417,0.174895
ex2.763_1half-,26.25,0.668926,0.191689,0.0399025,0.0802711,0.195798,0.473128,0.864724,0.588655,0.749197
ex2.763_1half-,28.75,0.506914,0.163281,0.0316015,0.0608297,0.166311,0.340603,0.673225,0.446084,0.567744
ex2.763_1half-,31.25,0.443037,0.163132,0.0248445,0.0531644,0.165013,0.278024,0.60805,0.389873,0.496201
ex2.763_1half-,33.75,0.129176,0.156146,0.014502,0.0155011,0.156818,0,0.285994,0.113675,0.144677
ex2.980_3half+,11.25,0.0499929,0.0967261,0.00022655,0.00599915,0.0967264,0,0.146719,0.0439938,0.055992
ex2.980_3half+,13.75,0.955205,0.363323,0.540714,0.114625,0.651441,0.303764,1.60665,0.84058,1.06983
ex2.980_3half+,16.25,1.28888,0.348138,0.08231,0.154666,0.357736,0.931144,1.64662,1.13421,1.44355
ex2.980_3half+,18.75,0.343969,0.240865,0.337401,0.0412763,0.414554,0,0.758523,0.302693,0.385245
ex2.980_3half+,21.25,0.0538854,0.259329,0.0673215,0.00646625,0.267925,0,0.32181,0.0474192,0.0603516
ex2.980_3half+,23.75,0.24776,0.183854,0.164839,0.0297312,0.24693,0.000830477,0.49469,0.218029,0.277491
ex2.980_3half+,26.25,0.269544,0.163332,0.160021,0.0323453,0.228657,0.0408869,0.498201,0.237199,0.301889
ex2.980_3half+,28.75,0.213642,0.160099,0.07577,0.025637,0.177124,0.0365184,0.390766,0.188005,0.239279
ex2.980_3half+,31.25,0.176637,0.143812,0.109369,0.0211964,0.180675,0,0.357312,0.155441,0.197833
ex2.980_3half+,33.75,0.133909,0.181875,0.079177,0.0160691,0.198362,0,0.332271,0.11784,0.149978
ex3.661_NEW,11.25,2.21635,0.864256,0.243875,0.265962,0.898005,1.31834,3.11436,1.95039,2.48231
ex3.661_NEW,13.75,3.26255,0.766026,0.383615,0.391506,0.856712,2.40584,4.11926,2.87104,3.65406
ex3.661_NEW,16.25,1.78527,0.54366,0.237275,0.214232,0.593183,1.19209,2.37845,1.57104,1.9995
ex3.661_NEW,18.75,2.53874,0.553059,0.325155,0.304649,0.641561,1.89718,3.1803,2.23409,2.84339
ex3.661_NEW,21.25,0.81449,0.386195,0.123299,0.0977388,0.4054,0.40909,1.21989,0.716751,0.912229
ex3.661_NEW,23.75,1.077,0.398274,0.10097,0.12924,0.410874,0.666126,1.48787,0.94776,1.20624
ex3.661_NEW,26.25,1.12675,0.308345,0.094795,0.13521,0.322588,0.804162,1.44934,0.99154,1.26196
ex3.661_NEW,28.75,1.22525,0.310961,0.101445,0.14703,0.32709,0.89816,1.55234,1.07822,1.37228
ex3.661_NEW,31.25,0.979805,0.348878,0.0789045,0.117577,0.35769,0.622115,1.33749,0.862228,1.09738
ex3.661_NEW,33.75,1.09203,0.41492,0.079335,0.131044,0.422437,0.669593,1.51447,0.960986,1.22307
ex3.661_NEW,36.25,0.0389529,2.33229,0.0501869,0.00467435,2.33283,0,2.37178,0.0342786,0.0436272
ex3.661_NEW,38.75,0.022328,0.174927,0.00014195,0.00267936,0.174927,0,0.197255,0.0196486,0.0250074
ex4.231_3half+,11.25,1.72085,0.993921,1.72123,0.206502,1.98759,0,3.70844,1.51435,1.92735
ex4.231_3half+,13.75,1.8911,0.677005,2.35306,0.226932,2.44852,0,4.33962,1.66417,2.11803
ex4.231_3half+,16.25,2.39909,0.547556,1.36266,0.287891,1.46856,0.930533,3.86765,2.1112,2.68698
ex4.231_3half+,18.75,1.88673,0.456289,2.00048,0.226408,2.05186,0,3.93859,1.66032,2.11314
ex4.231_3half+,21.25,1.20994,0.359347,0.883565,0.145193,0.953843,0.256097,2.16378,1.06475,1.35513
ex4.231_3half+,23.75,0.652201,0.314107,0.593301,0.0782641,0.671319,0,1.32352,0.573937,0.730465
ex4.231_3half+,26.25,0.794068,0.273237,0.542674,0.0952882,0.60758,0.186488,1.40165,0.69878,0.889356
ex4.231_3half+,28.75,0.511496,0.259137,0.658238,0.0613795,0.70741,0,1.21891,0.450116,0.572876
ex4.231_3half+,31.25,0.465203,0.30868,0.489145,0.0558244,0.5784,0,1.0436,0.409379,0.521027
ex4.231_3half+,33.75,0.261711,0.286365,0.432947,0.0314053,0.519084,0,0.780795,0.230306,0.293116
ex4.231_3half+,36.25,0.0223423,0.0228372,0.0002795,0.00268108,0.0228389,0,0.0451812,0.0196612,0.0250234
ex4.231_3half+,38.75,0.0176513,2.55254,0.00012195,0.00211816,2.55254,0,2.57019,0.0155331,0.0197695
ex4.841_1half+,11.25,32.6538,3.85173,3.27695,3.91846,5.0571,27.5967,37.7109,28.7353,36.5723
ex4.841_1half+,13.75,13.0251,2.16535,1.5203,1.56301,2.64576,10.3793,15.6709,11.4621,14.5881
ex4.841_1half+,16.25,6.2672,1.10354,0.93187,0.752064,1.44436,4.82284,7.71156,5.51514,7.01926
ex4.841_1half+,18.75,3.41192,0.919288,0.610365,0.40943,1.10347,2.30845,4.51539,3.00249,3.82135
ex4.841_1half+,21.25,3.73136,0.813794,0.47032,0.447763,0.939926,2.79143,4.67129,3.2836,4.17912
ex4.841_1half+,23.75,2.28611,0.743679,0.30018,0.274333,0.801977,1.48413,3.08809,2.01178,2.56044
ex4.841_1half+,26.25,1.75659,0.486438,0.207425,0.210791,0.528817,1.22777,2.28541,1.5458,1.96738
ex4.841_1half+,28.75,2.82227,0.524214,0.243255,0.338672,0.577904,2.24437,3.40017,2.4836,3.16094
ex4.841_1half+,36.25,0.0143933,0.18183,0.00065565,0.0017272,0.181831,0,0.196224,0.0126661,0.0161205
ex4.841_1half+,38.75,0.0110003,0.801792,0.00048045,0.00132004,0.801792,0,0.812792,0.00968026,0.0123203
ex5.91_3half+,16.25,6.36602,1.27398,1.30554,0.763922,1.82413,4.54189,8.19015,5.6021,7.12994
ex5.91_3half+,18.75,4.18586,0.970509,0.429005,0.502303,1.0611,3.12476,5.24696,3.68356,4.68816
ex5.91_3half+,21.25,2.15441,0.756532,0.370135,0.258529,0.842224,1.31219,2.99663,1.89588,2.41294
ex5.91_3half+,23.75,2.92598,0.778992,0.34787,0.351118,0.853137,2.07284,3.77912,2.57486,3.2771
ex5.91_3half+,26.25,3.85204,0.693312,0.25236,0.462245,0.737812,3.11423,4.58985,3.3898,4.31428
ex5.91_3half+,28.75,0.598344,0.413063,0.212514,0.0718013,0.464525,0.133819,1.06287,0.526543,0.670145
ex5.91_3half+,31.25,0.0167027,0.0557929,0.00040625,0.00200432,0.0557944,0,0.0724971,0.0146984,0.018707
ex5.91_3half+,33.75,0.0139138,0.349588,0.00033885,0.00166966,0.349588,0,0.363502,0.0122441,0.0155835
ex5.91_3half+,36.25,0.0117606,1.5152,0.0002839,0.00141127,1.5152,0,1.52696,0.0103493,0.0131719
ex5.91_3half+,38.75,0.0105929,4.28609,0.00025785,0.00127115,4.28609,0,4.29668,0.00932175,0.011864
ex6.30_5half+,16.25,0.713075,0.632387,0.230585,0.085569,0.673114,0.0399608,1.38619,0.627506,0.798644
ex6.30_5half+,18.75,0.652658,0.458532,0.0182,0.078319,0.458893,0.193765,1.11155,0.574339,0.730977
ex6.30_5half+,21.25,0.177269,0.35224,0.0240905,0.0212723,0.353063,0,0.530332,0.155997,0.198541
ex6.30_5half+,23.75,0.371657,0.361402,0.0121075,0.0445988,0.361605,0.0100522,0.733262,0.327058,0.416256
ex6.30_5half+,26.25,0.62871,0.332014,0.0070035,0.0754452,0.332088,0.296622,0.960798,0.553265,0.704155
ex6.30_5half+,28.75,0.0248757,0.0352343,2.75e-06,0.00298508,0.0352343,0,0.06011,0.0218906,0.0278608
ex6.30_5half+,31.25,0.0201933,7.33483,2.25e-06,0.0024232,7.33483,0,7.35502,0.0177701,0.0226165
ex6.30_5half+,33.75,0.0168092,413.234,1.9e-06,0.0020171,413.234,0,413.251,0.0147921,0.0188263
ex6.30_5half+,36.25,0.0142779,455.231,1.6e-06,0.00171335,455.231,0,455.245,0.0125646,0.0159912
ex6.30_5half+,38.75,0.0129032,275.345,1.45e-06,0.00154838,275.345,0,275.358,0.0113548,0.0144516
ex_1half+_217,11.25,0.73958,0.340954,0,0.0887496,0.340954,0.398626,1.08053,0.65083,0.82833
ex_1half+_217,13.75,1.61579,0.375233,0,0.193895,0.375233,1.24056,1.99102,1.4219,1.80968
ex_1half+_217,16.25,1.0209,0.292837,0,0.122508,0.292837,0.728063,1.31374,0.898392,1.14341
ex_1half+_217,18.75,0.00132517,0.538461,0,0.00015902,0.538461,0,0.539786,0.00116615,0.00148419
ex_1half+_217,21.25,0.00113075,0.164465,0,0.00013569,0.164465,0,0.165596,0.00099506,0.00126644
ex_1half+_217,23.75,0.341056,0.276645,0,0.0409267,0.276645,0.064411,0.617701,0.300129,0.381983
ex_1half+_217,26.25,0.173284,0.207897,0,0.0207941,0.207897,0,0.381181,0.15249,0.194078
ex_1half+_217,28.75,0.131608,0.216639,0,0.015793,0.216639,0,0.348247,0.115815,0.147401
ex_1half+_217,31.25,0.477147,0.248564,0,0.0572576,0.248564,0.228583,0.725711,0.419889,0.534405
ex_1half+_217,33.75,0.333846,0.24871,0,0.0400615,0.24871,0.085136,0.582556,0.293784,0.373908
ex_1half+_217,36.25,0.47607,0.178735,0,0.0571284,0.178735,0.297335,0.654805,0.418942,0.533198
ex_1half+_217,38.75,0.154633,0.146104,0,0.018556,0.146104,0.008529,0.300737,0.136077,0.173189
ex_5half+_335,11.25,0.00215827,0.57802,0,0.000258992,0.57802,0,0.580178,0.00189928,0.00241726
ex_5half+_335,13.75,0.00177483,0.100149,0,0.00021298,0.100149,0,0.101924,0.00156185,0.00198781
ex_5half+_335,16.25,0.0015374,1.08418,0,0.000184488,1.08418,0,1.08572,0.00135291,0.00172189
ex_5half+_335,18.75,0.116208,0.16511,0,0.013945,0.16511,0,0.281318,0.102263,0.130153
ex_5half+_335,21.25,0.0991702,0.118449,0,0.0119004,0.118449,0,0.217619,0.0872698,0.111071
ex_5half+_335,23.75,0.0293619,0.391854,0,0.00352343,0.391854,0,0.421216,0.0258385,0.0328853
ex_5half+_335,26.25,0.0641808,0.230729,0,0.0077017,0.230729,0,0.29491,0.0564791,0.0718825
ex_5half+_335,28.75,0.188686,0.189366,0,0.0226423,0.189366,0,0.378052,0.166044,0.211328
ex_5half+_335,31.25,0.194207,0.209548,0,0.0233048,0.209548,0,0.403755,0.170902,0.217512
ex_5half+_335,33.75,0.452805,0.222449,0,0.0543366,0.222449,0.230356,0.675254,0.398468,0.507142
ex_5half+_335,36.25,0.438374,0.161605,0,0.0526049,0.161605,0.276769,0.599979,0.385769,0.490979
ex_5half+_335,38.75,0.489421,0.158137,0,0.0587305,0.158137,0.331284,0.647558,0.43069,0.548152
gs_3half+,11.25,0.840903,0.356238,0,0.100908,0.356238,0.484665,1.19714,0.739995,0.941811
gs_3half+,13.75,0.463008,0.277309,0,0.055561,0.277309,0.185699,0.740317,0.407447,0.518569
gs_3half+,16.25,0.167358,0.203771,0,0.020083,0.203771,0,0.371129,0.147275,0.187441
gs_3half+,18.75,0.153079,0.199057,0,0.0183695,0.199057,0,0.352136,0.13471,0.171448
gs_3half+,21.25,0.226973,0.145535,0,0.0272368,0.145535,0.081438,0.372508,0.199736,0.25421
gs_3half+,23.75,0.332294,0.18823,0,0.0398753,0.18823,0.144064,0.520524,0.292419,0.372169
gs_3half+,26.25,0.135285,0.126393,0,0.0162342,0.126393,0.008892,0.261678,0.119051,0.151519
gs_3half+,28.75,0.482038,0.168207,0,0.0578446,0.168207,0.313831,0.650245,0.424193,0.539883
gs_3half+,31.25,0.112876,0.12281,0,0.0135451,0.12281,0,0.235686,0.0993309,0.126421
gs_3half+,33.75,0.323627,0.159742,0,0.0388352,0.159742,0.163885,0.483369,0.284792,0.362462
gs_3half+,36.25,0.189156,0.129198,0,0.0226987,0.129198,0.059958,0.318354,0.166457,0.211855
gs_3half+,38.75,0.0676973,0.101693,0,0.00812368,0.101693,0,0.16939,0.0595736,0.075821
