variant,state,bestL,tie,tieL,flipped_vs_nominal,c2v_L0,c2v_L1,c2v_L2,c2v_L3
nominal,ex2.763_1half-,3,1,2,0,2.1427,1.1145,1.0447,1.0282
nominal,ex2.980_3half+,3,1,2,0,2.6774,2.5675,2.1105,1.8704
nominal,ex3.661_NEW,2,1,3,0,2.7990,3.2633,1.0678,1.1231
nominal,ex4.231_3half+,2,0,-1,0,2.1765,1.6633,0.4377,1.0440
nominal,ex4.841_1half+,0,0,-1,0,2.3830,5.5786,6.9588,8.7114
nominal,ex5.91_3half+,2,1,0,0,3.1001,3.2855,2.9147,4.2400
nominal,ex6.30_5half+,0,1,2,0,0.2958,0.5976,0.3598,0.3619
bw_g0.70,ex2.763_1half-,3,1,2,0,2.4330,1.2048,1.1054,1.0938
bw_g0.70,ex2.980_3half+,3,1,2,0,2.6443,2.5043,1.9533,1.7085
bw_g0.70,ex3.661_NEW,2,1,3,0,2.4770,3.1039,1.0482,1.1037
bw_g0.70,ex4.231_3half+,2,0,-1,0,2.4994,1.7816,0.5593,1.5308
bw_g0.70,ex4.841_1half+,0,0,-1,0,2.1304,5.3316,6.1934,7.3617
bw_g0.70,ex5.91_3half+,2,1,0,0,3.2631,3.3863,2.9837,4.7689
bw_g0.70,ex6.30_5half+,0,1,3,0,0.3408,0.6173,0.3830,0.3670
bw_g0.85,ex2.763_1half-,2,1,3,1,2.6988,1.3117,1.1308,1.1417
bw_g0.85,ex2.980_3half+,3,1,2,0,2.6576,2.5410,2.0628,1.8208
bw_g0.85,ex3.661_NEW,2,1,3,0,2.7141,3.2338,1.0573,1.1252
bw_g0.85,ex4.231_3half+,2,0,-1,0,2.2704,1.6834,0.4722,1.1964
bw_g0.85,ex4.841_1half+,0,0,-1,0,2.2835,5.5082,6.6871,8.2370
bw_g0.85,ex5.91_3half+,2,1,0,0,3.1186,3.3379,2.9208,4.3688
bw_g0.85,ex6.30_5half+,0,1,3,0,0.3040,0.5986,0.3623,0.3598
bw_g1.15,ex2.763_1half-,3,1,2,0,2.1267,1.1108,1.0412,1.0248
bw_g1.15,ex2.980_3half+,3,1,2,0,2.7011,2.5906,2.1333,1.8942
bw_g1.15,ex3.661_NEW,2,1,3,0,2.7927,3.2592,1.0671,1.1214
bw_g1.15,ex4.231_3half+,2,0,-1,0,2.1772,1.6639,0.4378,1.0439
bw_g1.15,ex4.841_1half+,0,0,-1,0,2.3829,5.5784,6.9593,8.7122
bw_g1.15,ex5.91_3half+,2,1,0,0,3.0999,3.2855,2.9146,4.2399
bw_g1.15,ex6.30_5half+,0,1,2,0,0.2955,0.5972,0.3594,0.3616
bw_g1.30,ex2.763_1half-,3,1,2,0,2.1131,1.1078,1.0386,1.0222
bw_g1.30,ex2.980_3half+,3,1,2,0,2.7247,2.6129,2.1529,1.9146
bw_g1.30,ex3.661_NEW,2,1,3,0,2.7746,3.2479,1.0654,1.1179
bw_g1.30,ex4.231_3half+,2,0,-1,0,2.1900,1.6686,0.4417,1.0577
bw_g1.30,ex4.841_1half+,0,0,-1,0,2.3768,5.5767,6.9437,8.6841
bw_g1.30,ex5.91_3half+,2,1,0,0,3.0994,3.2864,2.9138,4.2441
bw_g1.30,ex6.30_5half+,0,1,2,0,0.2954,0.5969,0.3591,0.3612
no_3661,ex2.763_1half-,2,1,3,1,3.0599,1.6539,1.3978,1.4348
no_3661,ex2.980_3half+,3,1,2,0,2.9327,2.6093,1.6131,1.4627
no_3661,ex3.661_NEW,-1,0,-1,1,nan,nan,nan,nan
no_3661,ex4.231_3half+,2,0,-1,0,4.5478,3.8426,0.9994,2.3445
no_3661,ex4.841_1half+,0,0,-1,0,2.4920,4.8841,6.0477,7.1431
no_3661,ex5.91_3half+,2,1,0,0,2.5015,2.9046,2.4678,3.4731
no_3661,ex6.30_5half+,0,1,3,0,0.2850,0.5842,0.3447,0.3421
ps1n_x0.30,ex2.763_1half-,3,1,2,0,2.1429,1.1146,1.0447,1.0283
ps1n_x0.30,ex2.980_3half+,3,1,2,0,2.6775,2.5675,2.1107,1.8706
ps1n_x0.30,ex3.661_NEW,2,1,3,0,2.7997,3.2637,1.0678,1.1231
ps1n_x0.30,ex4.231_3half+,2,0,-1,0,2.1758,1.6632,0.4374,1.0428
ps1n_x0.30,ex4.841_1half+,0,0,-1,0,2.3835,5.5786,6.9605,8.7144
ps1n_x0.30,ex5.91_3half+,2,1,0,0,3.1000,3.2855,2.9147,4.2394
ps1n_x0.30,ex6.30_5half+,0,1,2,0,0.2958,0.5976,0.3598,0.3619
ps1n_x3.00,ex2.763_1half-,3,1,2,0,2.1433,1.1147,1.0448,1.0284
ps1n_x3.00,ex2.980_3half+,3,1,2,0,2.6768,2.5669,2.1100,1.8699
ps1n_x3.00,ex3.661_NEW,2,1,3,0,2.7997,3.2639,1.0678,1.1233
ps1n_x3.00,ex4.231_3half+,2,0,-1,0,2.1756,1.6629,0.4374,1.0431
ps1n_x3.00,ex4.841_1half+,0,0,-1,0,2.3831,5.5779,6.9591,8.7123
ps1n_x3.00,ex5.91_3half+,2,1,0,0,3.0995,3.2860,2.9144,4.2393
ps1n_x3.00,ex6.30_5half+,0,1,2,0,0.2958,0.5976,0.3598,0.3620
ps2n_x0.30,ex2.763_1half-,3,1,2,0,2.1437,1.1148,1.0449,1.0284
ps2n_x0.30,ex2.980_3half+,3,1,2,0,2.6768,2.5668,2.1099,1.8698
ps2n_x0.30,ex3.661_NEW,2,1,3,0,2.7988,3.2631,1.0678,1.1230
ps2n_x0.30,ex4.231_3half+,2,0,-1,0,2.1766,1.6632,0.4378,1.0442
ps2n_x0.30,ex4.841_1half+,0,0,-1,0,2.3831,5.5791,6.9591,8.7121
ps2n_x0.30,ex5.91_3half+,2,1,0,0,3.0994,3.2851,2.9143,4.2389
ps2n_x0.30,ex6.30_5half+,0,1,2,0,0.2958,0.5977,0.3598,0.3620
ps2n_x3.00,ex2.763_1half-,3,1,2,0,2.1386,1.1131,1.0478,1.0303
ps2n_x3.00,ex2.980_3half+,3,1,2,0,2.6920,2.5815,2.1238,1.8835
ps2n_x3.00,ex3.661_NEW,2,1,3,0,2.8092,3.2598,1.0666,1.1288
ps2n_x3.00,ex4.231_3half+,2,0,-1,0,2.1770,1.6623,0.4386,1.0455
ps2n_x3.00,ex4.841_1half+,0,0,-1,0,2.3886,5.5245,6.9798,8.7593
ps2n_x3.00,ex5.91_3half+,2,0,-1,0,2.8884,3.4687,2.5136,3.5200
ps2n_x3.00,ex6.30_5half+,3,1,2,1,0.4286,0.7406,0.4138,0.3515
bg_x0.30,ex2.763_1half-,3,1,2,0,2.1435,1.1148,1.0448,1.0284
bg_x0.30,ex2.980_3half+,3,1,2,0,2.6769,2.5670,2.1102,1.8702
bg_x0.30,ex3.661_NEW,2,1,3,0,2.8003,3.2641,1.0678,1.1233
bg_x0.30,ex4.231_3half+,2,0,-1,0,2.1750,1.6625,0.4373,1.0427
bg_x0.30,ex4.841_1half+,0,0,-1,0,2.3837,5.5790,6.9604,8.7145
bg_x0.30,ex5.91_3half+,2,1,0,0,3.0994,3.2852,2.9143,4.2385
bg_x0.30,ex6.30_5half+,0,1,2,0,0.2958,0.5977,0.3598,0.3620
bg_x3.00,ex2.763_1half-,3,1,2,0,2.1522,1.1179,1.0492,1.0322
bg_x3.00,ex2.980_3half+,3,1,2,0,2.6596,2.5487,2.0878,1.8460
bg_x3.00,ex3.661_NEW,2,1,3,0,2.8036,3.2688,1.0653,1.1270
bg_x3.00,ex4.231_3half+,2,0,-1,0,2.1758,1.6712,0.4320,1.0291
bg_x3.00,ex4.841_1half+,0,0,-1,0,2.3689,5.5376,6.9303,8.6508
bg_x3.00,ex5.91_3half+,2,1,0,0,3.1756,3.3116,2.9630,4.3575
bg_x3.00,ex6.30_5half+,0,1,3,0,0.2962,0.5876,0.3554,0.3550
L_s0_L3,ex2.763_1half-,3,1,2,0,2.5696,1.2608,1.1220,1.1209
L_s0_L3,ex2.980_3half+,3,1,2,0,2.8983,2.7682,2.2387,1.9621
L_s0_L3,ex3.661_NEW,2,1,3,0,2.7400,3.2130,1.0613,1.1146
L_s0_L3,ex4.231_3half+,2,0,-1,0,2.2042,1.6774,0.4439,1.0656
L_s0_L3,ex4.841_1half+,0,0,-1,0,2.3784,5.5736,6.9423,8.6886
L_s0_L3,ex5.91_3half+,2,1,0,0,3.1047,3.2848,2.9180,4.2487
L_s0_L3,ex6.30_5half+,0,1,2,0,0.2960,0.5980,0.3599,0.3620
L_s1_L0,ex2.763_1half-,3,1,2,0,2.1454,1.1157,1.0448,1.0287
L_s1_L0,ex2.980_3half+,3,1,2,0,2.6732,2.5636,2.1069,1.8665
L_s1_L0,ex3.661_NEW,2,1,3,0,2.8055,3.2678,1.0687,1.1251
L_s1_L0,ex4.231_3half+,2,0,-1,0,2.1752,1.6626,0.4373,1.0428
L_s1_L0,ex4.841_1half+,0,0,-1,0,2.3828,5.5774,6.9594,8.7132
L_s1_L0,ex5.91_3half+,2,1,0,0,3.1005,3.2863,2.9153,4.2408
L_s1_L0,ex6.30_5half+,0,1,2,0,0.2958,0.5976,0.3598,0.3619
L_s1_L3,ex2.763_1half-,3,1,2,0,2.1414,1.1136,1.0456,1.0285
L_s1_L3,ex2.980_3half+,3,1,2,0,2.6835,2.5725,2.1130,1.8729
L_s1_L3,ex3.661_NEW,2,1,3,0,2.7835,3.2534,1.0653,1.1195
L_s1_L3,ex4.231_3half+,2,0,-1,0,2.1822,1.6649,0.4395,1.0517
L_s1_L3,ex4.841_1half+,0,0,-1,0,2.3795,5.5788,6.9478,8.6914
L_s1_L3,ex5.91_3half+,2,1,0,0,3.0993,3.2860,2.9137,4.2422
L_s1_L3,ex6.30_5half+,0,1,2,0,0.2961,0.5978,0.3598,0.3618
L_s2_L0,ex2.763_1half-,3,1,2,0,2.1889,1.1284,1.0515,1.0367
L_s2_L0,ex2.980_3half+,3,1,2,0,2.6692,2.5566,2.0957,1.8576
L_s2_L0,ex3.661_NEW,2,1,3,0,2.6691,3.1915,1.0718,1.0838
L_s2_L0,ex4.231_3half+,2,0,-1,0,2.3500,1.7671,0.4792,1.1798
L_s2_L0,ex4.841_1half+,0,0,-1,0,2.3338,5.6209,6.9043,8.6177
L_s2_L0,ex5.91_3half+,2,1,0,0,3.0750,3.2950,2.8971,4.2274
L_s2_L0,ex6.30_5half+,0,1,2,0,0.2977,0.6009,0.3619,0.3638
L_s2_L3,ex2.763_1half-,2,1,3,1,2.6633,1.2982,1.1208,1.1311
L_s2_L3,ex2.980_3half+,3,1,2,0,2.6969,2.5857,2.1161,1.8690
L_s2_L3,ex3.661_NEW,2,1,3,0,2.9641,3.3390,1.0631,1.1980
L_s2_L3,ex4.231_3half+,2,0,-1,0,1.9477,1.5228,0.3892,0.8880
L_s2_L3,ex4.841_1half+,0,0,-1,0,2.4461,5.4440,6.9227,8.6600
L_s2_L3,ex5.91_3half+,2,1,0,0,3.1636,3.2365,2.9578,4.2921
L_s2_L3,ex6.30_5half+,0,1,2,0,0.2933,0.5939,0.3564,0.3584
L_s3_L0,ex2.763_1half-,3,1,2,0,2.1529,1.1177,1.0442,1.0288
L_s3_L0,ex2.980_3half+,3,1,2,0,2.6768,2.5686,2.1170,1.8774
L_s3_L0,ex3.661_NEW,2,1,3,0,2.7945,3.2458,1.0699,1.1224
L_s3_L0,ex4.231_3half+,2,0,-1,0,2.1587,1.6742,0.4252,0.9976
L_s3_L0,ex4.841_1half+,0,0,-1,0,2.4013,5.5892,7.0310,8.8413
L_s3_L0,ex5.91_3half+,2,1,0,0,3.1100,3.2888,2.9218,4.2386
L_s3_L0,ex6.30_5half+,0,1,2,0,0.2948,0.5957,0.3589,0.3615
L_s4_L0,ex2.763_1half-,2,1,3,1,2.6152,1.2796,1.1083,1.1175
L_s4_L0,ex2.980_3half+,3,1,2,0,2.6941,2.5876,2.1442,1.9060
L_s4_L0,ex3.661_NEW,2,1,3,0,2.7163,3.1902,1.0590,1.0911
L_s4_L0,ex4.231_3half+,2,0,-1,0,2.3096,1.6811,0.4911,1.2263
L_s4_L0,ex4.841_1half+,0,0,-1,0,2.2038,5.5310,6.6007,8.1156
L_s4_L0,ex5.91_3half+,2,1,0,0,3.0661,3.4223,2.8873,4.3671
L_s4_L0,ex6.30_5half+,0,1,3,0,0.3065,0.6044,0.3660,0.3636
L_s5_L3,ex2.763_1half-,3,1,2,0,2.1210,1.1070,1.0440,1.0256
L_s5_L3,ex2.980_3half+,3,1,2,0,2.6859,2.5740,2.1116,1.8713
L_s5_L3,ex3.661_NEW,2,1,3,0,2.8092,3.2703,1.0659,1.1278
L_s5_L3,ex4.231_3half+,2,0,-1,0,2.1883,1.6528,0.4446,1.0668
L_s5_L3,ex4.841_1half+,0,0,-1,0,2.3238,5.7404,7.0217,8.7967
L_s5_L3,ex5.91_3half+,1,1,2,1,3.3228,3.0401,3.0441,4.5146
L_s5_L3,ex6.30_5half+,0,1,3,0,0.3095,0.6032,0.3596,0.3504
L_s6_L3,ex2.763_1half-,3,1,2,0,2.1440,1.1149,1.0450,1.0285
L_s6_L3,ex2.980_3half+,3,1,2,0,2.6763,2.5664,2.1095,1.8693
L_s6_L3,ex3.661_NEW,2,1,3,0,2.8006,3.2643,1.0677,1.1234
L_s6_L3,ex4.231_3half+,2,0,-1,0,2.1748,1.6628,0.4370,1.0418
L_s6_L3,ex4.841_1half+,0,0,-1,0,2.3834,5.5780,6.9603,8.7140
L_s6_L3,ex5.91_3half+,2,1,0,0,3.1019,3.2860,2.9161,4.2422
L_s6_L3,ex6.30_5half+,0,1,2,0,0.2957,0.5972,0.3596,0.3617
contam,ex2.763_1half-,2,1,3,1,4.1440,2.1359,1.5356,1.6585
contam,ex2.980_3half+,3,1,2,0,2.3326,2.2196,1.8326,1.6440
contam,ex3.661_NEW,2,1,3,0,3.0399,3.3845,1.0571,1.1558
contam,ex4.231_3half+,2,0,-1,0,2.0070,1.5576,0.4101,0.8951
contam,ex4.841_1half+,0,0,-1,0,2.4869,5.4170,6.9827,8.7773
contam,ex5.91_3half+,2,1,0,0,3.1004,3.2293,2.8500,4.1065
contam,ex6.30_5half+,0,1,3,0,0.2900,0.5872,0.3496,0.3492
contam_bw_g0.70,ex2.763_1half-,2,1,3,1,2.2724,1.3103,1.0888,1.1160
contam_bw_g0.70,ex2.980_3half+,3,1,2,0,3.2963,3.1281,2.5324,2.2697
contam_bw_g0.70,ex3.661_NEW,3,1,2,1,2.0120,2.7521,0.9860,0.9686
contam_bw_g0.70,ex4.231_3half+,2,0,-1,0,2.6692,1.7782,0.6802,1.8231
contam_bw_g0.70,ex4.841_1half+,0,0,-1,0,2.0238,5.1805,5.7681,6.7782
contam_bw_g0.70,ex5.91_3half+,2,1,0,0,3.0337,3.2261,2.7396,4.3640
contam_bw_g0.70,ex6.30_5half+,0,1,3,0,0.3401,0.6305,0.3844,0.3674
contam_bw_g0.85,ex2.763_1half-,2,1,3,1,1.8961,1.1973,0.9926,1.0192
contam_bw_g0.85,ex2.980_3half+,3,1,2,0,3.1701,3.0379,2.5686,2.3345
contam_bw_g0.85,ex3.661_NEW,2,1,3,0,2.3866,2.9408,0.9727,1.0100
contam_bw_g0.85,ex4.231_3half+,2,0,-1,0,2.2949,1.6653,0.4899,1.2056
contam_bw_g0.85,ex4.841_1half+,0,0,-1,0,2.2944,5.3704,6.6044,8.0997
contam_bw_g0.85,ex5.91_3half+,2,1,0,0,3.1198,3.2396,2.8412,4.2931
contam_bw_g0.85,ex6.30_5half+,0,1,3,0,0.3057,0.5929,0.3585,0.3521
contam_bw_g1.15,ex2.763_1half-,2,1,3,1,1.3853,1.0779,0.8309,0.8930
contam_bw_g1.15,ex2.980_3half+,3,0,-1,0,5.5615,5.3254,4.4950,4.0366
contam_bw_g1.15,ex3.661_NEW,2,1,3,0,2.3282,2.7654,0.9861,1.0067
contam_bw_g1.15,ex4.231_3half+,2,0,-1,0,2.1662,1.6724,0.4470,0.9542
contam_bw_g1.15,ex4.841_1half+,0,0,-1,0,2.5374,5.4028,7.1631,9.1223
contam_bw_g1.15,ex5.91_3half+,2,1,0,0,3.1295,3.1691,2.9127,4.1213
contam_bw_g1.15,ex6.30_5half+,0,1,2,0,0.2849,0.5879,0.3539,0.3604
contam_bw_g1.30,ex2.763_1half-,2,1,3,1,4.7327,2.6225,1.8148,2.0017
contam_bw_g1.30,ex2.980_3half+,3,1,2,0,2.2074,2.0799,1.6842,1.5182
contam_bw_g1.30,ex3.661_NEW,2,1,3,0,2.7984,3.1882,1.0366,1.0773
contam_bw_g1.30,ex4.231_3half+,2,0,-1,0,2.1783,1.6474,0.4542,1.0047
contam_bw_g1.30,ex4.841_1half+,0,0,-1,0,2.4947,5.4611,7.0146,8.8522
contam_bw_g1.30,ex5.91_3half+,2,1,0,0,3.0667,3.1727,2.8340,4.0395
contam_bw_g1.30,ex6.30_5half+,0,1,2,0,0.2877,0.5930,0.3515,0.3535
contam_no_3661,ex2.763_1half-,2,1,3,1,3.7986,2.1565,1.6702,1.7716
contam_no_3661,ex2.980_3half+,3,1,2,0,2.6053,2.2732,1.4312,1.3155
contam_no_3661,ex3.661_NEW,-1,0,-1,1,nan,nan,nan,nan
contam_no_3661,ex4.231_3half+,2,0,-1,0,4.6200,3.5361,0.9955,2.3110
contam_no_3661,ex4.841_1half+,0,0,-1,0,2.4964,4.4221,5.9560,7.0582
contam_no_3661,ex5.91_3half+,0,0,-1,1,1.3281,2.8523,1.6824,2.0392
contam_no_3661,ex6.30_5half+,0,1,3,0,0.2826,0.5718,0.3384,0.3330
contam_ps1n_x0.30,ex2.763_1half-,2,1,3,1,4.1718,2.1602,1.5487,1.6752
contam_ps1n_x0.30,ex2.980_3half+,3,1,2,0,2.3351,2.2218,1.8329,1.6434
contam_ps1n_x0.30,ex3.661_NEW,2,1,3,0,3.0273,3.3751,1.0567,1.1503
contam_ps1n_x0.30,ex4.231_3half+,2,0,-1,0,2.0095,1.5703,0.4056,0.8860
contam_ps1n_x0.30,ex4.841_1half+,0,0,-1,0,2.4898,5.4345,7.0133,8.8328
contam_ps1n_x0.30,ex5.91_3half+,2,1,0,0,3.0907,3.2282,2.8450,4.0877
contam_ps1n_x0.30,ex6.30_5half+,0,1,2,0,0.2897,0.5881,0.3499,0.3499
contam_ps1n_x3.00,ex2.763_1half-,2,1,3,1,1.9308,1.2289,0.8626,0.9322
contam_ps1n_x3.00,ex2.980_3half+,3,1,2,0,3.5106,3.3935,2.8990,2.6221
contam_ps1n_x3.00,ex3.661_NEW,2,1,3,0,2.4874,2.9572,0.9773,0.9950
contam_ps1n_x3.00,ex4.231_3half+,2,0,-1,0,2.1014,1.6357,0.4261,0.9195
contam_ps1n_x3.00,ex4.841_1half+,0,0,-1,0,2.4820,5.3903,7.0476,8.9014
contam_ps1n_x3.00,ex5.91_3half+,2,1,0,0,3.1653,3.2423,2.9102,4.2032
contam_ps1n_x3.00,ex6.30_5half+,0,1,2,0,0.2880,0.5794,0.3487,0.3501
contam_ps2n_x0.30,ex2.763_1half-,2,1,3,1,4.1690,2.1560,1.5468,1.6725
contam_ps2n_x0.30,ex2.980_3half+,3,1,2,0,2.3390,2.2251,1.8344,1.6444
contam_ps2n_x0.30,ex3.661_NEW,2,1,3,0,3.0218,3.3697,1.0563,1.1478
contam_ps2n_x0.30,ex4.231_3half+,2,0,-1,0,2.0146,1.5748,0.4064,0.8854
contam_ps2n_x0.30,ex4.841_1half+,0,0,-1,0,2.4886,5.4291,7.0147,8.8326
contam_ps2n_x0.30,ex5.91_3half+,2,1,0,0,3.1070,3.2298,2.8558,4.1081
contam_ps2n_x0.30,ex6.30_5half+,0,1,3,0,0.2894,0.5858,0.3489,0.3486
contam_ps2n_x3.00,ex2.763_1half-,2,1,3,1,4.2176,2.1732,1.5709,1.6946
contam_ps2n_x3.00,ex2.980_3half+,3,1,2,0,2.4098,2.2918,1.8914,1.6987
contam_ps2n_x3.00,ex3.661_NEW,2,1,3,0,3.0465,3.3237,1.0329,1.1476
contam_ps2n_x3.00,ex4.231_3half+,2,0,-1,0,2.0415,1.5945,0.4148,0.8898
contam_ps2n_x3.00,ex4.841_1half+,0,0,-1,0,2.4995,5.2817,7.0711,8.9661
contam_ps2n_x3.00,ex5.91_3half+,2,0,-1,0,3.0004,3.4007,2.5825,3.6261
contam_ps2n_x3.00,ex6.30_5half+,3,1,2,1,0.4149,0.7129,0.4004,0.3408
contam_bg_x0.30,ex2.763_1half-,2,1,3,1,4.1481,2.1405,1.5381,1.6618
contam_bg_x0.30,ex2.980_3half+,3,1,2,0,2.3462,2.2327,1.8421,1.6512
contam_bg_x0.30,ex3.661_NEW,2,1,3,0,3.0232,3.3703,1.0564,1.1478
contam_bg_x0.30,ex4.231_3half+,2,0,-1,0,2.0148,1.5752,0.4065,0.8849
contam_bg_x0.30,ex4.841_1half+,0,0,-1,0,2.4887,5.4279,7.0150,8.8324
contam_bg_x0.30,ex5.91_3half+,2,1,0,0,3.1103,3.2300,2.8579,4.1123
contam_bg_x0.30,ex6.30_5half+,0,1,3,0,0.2893,0.5852,0.3486,0.3482
contam_bg_x3.00,ex2.763_1half-,2,1,3,1,4.1698,2.1561,1.5471,1.6727
contam_bg_x3.00,ex2.980_3half+,3,1,2,0,2.3396,2.2256,1.8345,1.6443
contam_bg_x3.00,ex3.661_NEW,2,1,3,0,3.0203,3.3681,1.0562,1.1470
contam_bg_x3.00,ex4.231_3half+,2,0,-1,0,2.0161,1.5761,0.4067,0.8851
contam_bg_x3.00,ex4.841_1half+,0,0,-1,0,2.4884,5.4267,7.0151,8.8325
contam_bg_x3.00,ex5.91_3half+,2,1,0,0,3.1111,3.2310,2.8585,4.1134
contam_bg_x3.00,ex6.30_5half+,0,1,3,0,0.2894,0.5852,0.3486,0.3483
contam_L_s0_L3,ex2.763_1half-,2,1,3,1,1.6624,1.0014,0.7165,0.7625
contam_L_s0_L3,ex2.980_3half+,3,1,2,0,3.4022,3.2937,2.8375,2.5799
contam_L_s0_L3,ex3.661_NEW,2,1,3,0,2.4753,2.9407,0.9885,1.0135
contam_L_s0_L3,ex4.231_3half+,2,0,-1,0,2.1013,1.6274,0.4277,0.9341
contam_L_s0_L3,ex4.841_1half+,0,0,-1,0,2.4946,5.4103,7.0813,8.9410
contam_L_s0_L3,ex5.91_3half+,2,1,0,0,3.1450,3.2261,2.9031,4.1743
contam_L_s0_L3,ex6.30_5half+,0,1,2,0,0.2882,0.5844,0.3510,0.3533
contam_L_s1_L0,ex2.763_1half-,2,1,3,1,4.1643,2.1540,1.5456,1.6712
contam_L_s1_L0,ex2.980_3half+,3,1,2,0,2.3406,2.2267,1.8354,1.6450
contam_L_s1_L0,ex3.661_NEW,2,1,3,0,3.0243,3.3698,1.0569,1.1480
contam_L_s1_L0,ex4.231_3half+,2,0,-1,0,2.0186,1.5782,0.4073,0.8846
contam_L_s1_L0,ex4.841_1half+,0,0,-1,0,2.4884,5.4241,7.0163,8.8317
contam_L_s1_L0,ex5.91_3half+,2,1,0,0,3.1283,3.2288,2.8703,4.1348
contam_L_s1_L0,ex6.30_5half+,0,1,3,0,0.2890,0.5829,0.3476,0.3468
contam_L_s1_L3,ex2.763_1half-,2,1,3,1,4.1840,2.1616,1.5509,1.6768
contam_L_s1_L3,ex2.980_3half+,3,1,2,0,2.3402,2.2255,1.8330,1.6429
contam_L_s1_L3,ex3.661_NEW,2,1,3,0,3.0112,3.3624,1.0544,1.1440
contam_L_s1_L3,ex4.231_3half+,2,0,-1,0,2.0156,1.5755,0.4066,0.8860
contam_L_s1_L3,ex4.841_1half+,0,0,-1,0,2.4889,5.4311,7.0146,8.8321
contam_L_s1_L3,ex5.91_3half+,2,1,0,0,3.1060,3.2293,2.8548,4.1063
contam_L_s1_L3,ex6.30_5half+,0,1,3,0,0.2894,0.5860,0.3489,0.3486
contam_L_s2_L0,ex2.763_1half-,2,1,3,1,4.3147,2.3416,1.6442,1.8000
contam_L_s2_L0,ex2.980_3half+,3,1,2,0,2.2667,2.1597,1.8030,1.6271
contam_L_s2_L0,ex3.661_NEW,2,1,3,0,3.0609,3.4241,1.0688,1.1416
contam_L_s2_L0,ex4.231_3half+,2,0,-1,0,2.0544,1.6105,0.4098,0.8994
contam_L_s2_L0,ex4.841_1half+,0,0,-1,0,2.4728,5.4560,7.0564,8.9204
contam_L_s2_L0,ex5.91_3half+,2,1,0,0,3.0926,3.2573,2.8442,4.1001
contam_L_s2_L0,ex6.30_5half+,0,1,2,0,0.2899,0.5855,0.3497,0.3499
contam_L_s2_L3,ex2.763_1half-,2,1,3,1,3.8379,1.8598,1.4047,1.4825
contam_L_s2_L3,ex2.980_3half+,3,1,2,0,2.4566,2.3295,1.8773,1.6650
contam_L_s2_L3,ex3.661_NEW,2,1,3,0,3.0146,3.3215,1.0445,1.1754
contam_L_s2_L3,ex4.231_3half+,2,0,-1,0,1.9427,1.5123,0.3987,0.8624
contam_L_s2_L3,ex4.841_1half+,0,0,-1,0,2.5278,5.3589,6.9469,8.6984
contam_L_s2_L3,ex5.91_3half+,2,1,0,0,3.1345,3.1646,2.8791,4.1218
contam_L_s2_L3,ex6.30_5half+,0,1,3,0,0.2886,0.5892,0.3487,0.3486
contam_L_s3_L0,ex2.763_1half-,2,1,3,1,4.1798,2.1662,1.5520,1.6793
contam_L_s3_L0,ex2.980_3half+,3,1,2,0,2.3372,2.2234,1.8330,1.6431
contam_L_s3_L0,ex3.661_NEW,2,1,3,0,2.9951,3.3436,1.0552,1.1451
contam_L_s3_L0,ex4.231_3half+,2,0,-1,0,2.0217,1.5874,0.4045,0.8809
contam_L_s3_L0,ex4.841_1half+,0,0,-1,0,2.4893,5.4400,7.0333,8.8701
contam_L_s3_L0,ex5.91_3half+,2,1,0,0,3.0945,3.2334,2.8476,4.0933
contam_L_s3_L0,ex6.30_5half+,0,1,2,0,0.2897,0.5875,0.3499,0.3500
contam_L_s4_L0,ex2.763_1half-,2,1,3,1,1.5763,0.8136,0.5421,0.5898
contam_L_s4_L0,ex2.980_3half+,3,0,-1,0,4.2856,4.1600,3.6621,3.3561
contam_L_s4_L0,ex3.661_NEW,3,1,2,1,2.5188,2.9074,0.9999,0.9861
contam_L_s4_L0,ex4.231_3half+,2,0,-1,0,2.1076,1.6299,0.4378,0.9140
contam_L_s4_L0,ex4.841_1half+,0,0,-1,0,2.3664,5.3993,7.0032,8.8851
contam_L_s4_L0,ex5.91_3half+,2,1,0,0,3.1043,3.2652,2.8743,4.1819
contam_L_s4_L0,ex6.30_5half+,0,1,2,0,0.2876,0.5843,0.3533,0.3575
contam_L_s5_L3,ex2.763_1half-,2,1,3,1,4.0975,2.0876,1.5130,1.6279
contam_L_s5_L3,ex2.980_3half+,3,1,2,0,2.3525,2.2376,1.8441,1.6536
contam_L_s5_L3,ex3.661_NEW,2,1,3,0,3.0442,3.3805,1.0526,1.1568
contam_L_s5_L3,ex4.231_3half+,2,0,-1,0,2.0134,1.5602,0.4093,0.8979
contam_L_s5_L3,ex4.841_1half+,0,0,-1,0,2.4260,5.5665,7.0777,8.9349
contam_L_s5_L3,ex5.91_3half+,2,1,1,0,3.2849,3.0065,2.9593,4.3305
contam_L_s5_L3,ex6.30_5half+,0,1,3,0,0.3042,0.5972,0.3530,0.3435
contam_L_s6_L3,ex2.763_1half-,2,1,3,1,1.5107,0.9907,0.6831,0.7513
contam_L_s6_L3,ex2.980_3half+,3,0,-1,0,5.4057,5.1764,4.3912,3.9668
contam_L_s6_L3,ex3.661_NEW,2,1,3,0,2.5161,2.9669,1.0052,1.0550
contam_L_s6_L3,ex4.231_3half+,2,0,-1,0,2.0839,1.6231,0.4225,0.9168
contam_L_s6_L3,ex4.841_1half+,0,0,-1,0,2.4861,5.3885,7.0493,8.9109
contam_L_s6_L3,ex5.91_3half+,2,1,0,0,3.1535,3.2325,2.9095,4.1917
contam_L_s6_L3,ex6.30_5half+,0,1,2,0,0.2874,0.5815,0.3501,0.3525
strict,ex2.763_1half-,2,1,3,1,4.0221,2.3115,1.6031,1.7737
strict,ex2.980_3half+,3,1,2,0,2.2067,2.0533,1.6270,1.4624
strict,ex3.661_NEW,2,1,3,0,2.3399,2.7474,0.8354,0.9381
strict,ex4.231_3half+,2,0,-1,0,2.3989,1.9129,0.4319,1.0488
strict,ex4.841_1half+,0,0,-1,0,2.1591,5.2213,5.9806,7.3724
strict,ex5.91_3half+,2,1,0,0,2.3595,3.3871,2.2222,3.2342
strict,ex6.30_5half+,0,1,2,0,0.3189,0.6092,0.4195,0.4519
strict_bw_g0.70,ex2.763_1half-,2,1,3,1,4.1954,2.4116,1.6681,1.8480
strict_bw_g0.70,ex2.980_3half+,3,1,2,0,2.5922,2.3771,1.8260,1.6319
strict_bw_g0.70,ex3.661_NEW,2,1,3,0,2.1175,2.6636,0.8210,0.8925
strict_bw_g0.70,ex4.231_3half+,2,0,-1,0,2.7171,1.9996,0.5664,1.6378
strict_bw_g0.70,ex4.841_1half+,0,0,-1,0,1.9651,5.0901,5.3924,6.2633
strict_bw_g0.70,ex5.91_3half+,2,1,0,0,2.3050,3.5856,2.1390,3.4343
strict_bw_g0.70,ex6.30_5half+,0,1,2,0,0.3416,0.6234,0.4264,0.4436
strict_bw_g0.85,ex2.763_1half-,2,1,3,1,4.0646,2.3318,1.6155,1.7880
strict_bw_g0.85,ex2.980_3half+,3,1,2,0,2.2203,2.0589,1.6219,1.4647
strict_bw_g0.85,ex3.661_NEW,2,1,3,0,2.2812,2.7394,0.8260,0.9360
strict_bw_g0.85,ex4.231_3half+,2,0,-1,0,2.4980,1.9394,0.4579,1.2106
strict_bw_g0.85,ex4.841_1half+,0,0,-1,0,2.0712,5.1635,5.7699,6.9656
strict_bw_g0.85,ex5.91_3half+,2,1,0,0,2.3633,3.4885,2.2067,3.3422
strict_bw_g0.85,ex6.30_5half+,0,1,2,0,0.3238,0.6057,0.4171,0.4436
strict_bw_g1.15,ex2.763_1half-,2,1,3,1,4.0077,2.3038,1.5984,1.7681
strict_bw_g1.15,ex2.980_3half+,3,1,2,0,2.2191,2.0650,1.6385,1.4751
strict_bw_g1.15,ex3.661_NEW,2,1,3,0,2.3337,2.7434,0.8353,0.9367
strict_bw_g1.15,ex4.231_3half+,2,0,-1,0,2.4021,1.9147,0.4326,1.0509
strict_bw_g1.15,ex4.841_1half+,0,0,-1,0,2.1583,5.2206,5.9795,7.3707
strict_bw_g1.15,ex5.91_3half+,2,1,0,0,2.3605,3.3867,2.2228,3.2363
strict_bw_g1.15,ex6.30_5half+,0,1,2,0,0.3185,0.6086,0.4190,0.4515
strict_bw_g1.30,ex2.763_1half-,2,1,3,1,3.9934,2.2962,1.5937,1.7626
strict_bw_g1.30,ex2.980_3half+,3,1,2,0,2.2318,2.0767,1.6500,1.4878
strict_bw_g1.30,ex3.661_NEW,2,1,3,0,2.3262,2.7385,0.8352,0.9349
strict_bw_g1.30,ex4.231_3half+,2,0,-1,0,2.4065,1.9168,0.4338,1.0548
strict_bw_g1.30,ex4.841_1half+,0,0,-1,0,2.1573,5.2204,5.9773,7.3682
strict_bw_g1.30,ex5.91_3half+,2,1,0,0,2.3583,3.3865,2.2216,3.2344
strict_bw_g1.30,ex6.30_5half+,0,1,2,0,0.3183,0.6088,0.4190,0.4517
strict_no_3661,ex2.763_1half-,2,1,3,1,2.5214,1.4268,1.3062,1.3096
strict_no_3661,ex2.980_3half+,2,1,3,1,2.1136,1.6272,1.1360,1.3704
strict_no_3661,ex3.661_NEW,-1,0,-1,1,nan,nan,nan,nan
strict_no_3661,ex4.231_3half+,2,0,-1,0,4.4427,3.7896,0.9531,2.4085
strict_no_3661,ex4.841_1half+,0,0,-1,0,2.2870,4.8890,5.3793,6.1807
strict_no_3661,ex5.91_3half+,2,1,0,0,2.5725,2.9155,2.3267,3.5425
strict_no_3661,ex6.30_5half+,0,1,2,0,0.3080,0.5902,0.4034,0.4304
strict_ps1n_x0.30,ex2.763_1half-,2,1,3,1,4.0220,2.3114,1.6030,1.7736
strict_ps1n_x0.30,ex2.980_3half+,3,1,2,0,2.2067,2.0534,1.6271,1.4625
strict_ps1n_x0.30,ex3.661_NEW,2,1,3,0,2.3397,2.7473,0.8354,0.9381
strict_ps1n_x0.30,ex4.231_3half+,2,0,-1,0,2.3992,1.9129,0.4320,1.0493
strict_ps1n_x0.30,ex4.841_1half+,0,0,-1,0,2.1591,5.2215,5.9801,7.3714
strict_ps1n_x0.30,ex5.91_3half+,2,1,0,0,2.3589,3.3866,2.2218,3.2335
strict_ps1n_x0.30,ex6.30_5half+,0,1,2,0,0.3189,0.6093,0.4195,0.4520
strict_ps1n_x3.00,ex2.763_1half-,2,1,3,1,4.0228,2.3121,1.6035,1.7742
strict_ps1n_x3.00,ex2.980_3half+,3,1,2,0,2.2065,2.0531,1.6266,1.4618
strict_ps1n_x3.00,ex3.661_NEW,2,1,3,0,2.3412,2.7480,0.8354,0.9383
strict_ps1n_x3.00,ex4.231_3half+,2,0,-1,0,2.3979,1.9129,0.4315,1.0469
strict_ps1n_x3.00,ex4.841_1half+,0,0,-1,0,2.1597,5.2216,5.9830,7.3751
strict_ps1n_x3.00,ex5.91_3half+,2,1,0,0,2.3642,3.3852,2.2249,3.2400
strict_ps1n_x3.00,ex6.30_5half+,0,1,2,0,0.3185,0.6082,0.4188,0.4511
strict_ps2n_x0.30,ex2.763_1half-,2,1,3,1,4.0217,2.3112,1.6029,1.7735
strict_ps2n_x0.30,ex2.980_3half+,3,1,2,0,2.2066,2.0534,1.6271,1.4626
strict_ps2n_x0.30,ex3.661_NEW,2,1,3,0,2.3403,2.7476,0.8354,0.9382
strict_ps2n_x0.30,ex4.231_3half+,2,0,-1,0,2.3986,1.9129,0.4317,1.0481
strict_ps2n_x0.30,ex4.841_1half+,0,0,-1,0,2.1593,5.2214,5.9814,7.3733
strict_ps2n_x0.30,ex5.91_3half+,2,1,0,0,2.3608,3.3865,2.2229,3.2358
strict_ps2n_x0.30,ex6.30_5half+,0,1,2,0,0.3188,0.6089,0.4193,0.4517
strict_ps2n_x3.00,ex2.763_1half-,2,1,3,1,4.0625,2.3332,1.6218,1.7934
strict_ps2n_x3.00,ex2.980_3half+,3,1,2,0,2.2669,2.1087,1.6763,1.5107
strict_ps2n_x3.00,ex3.661_NEW,2,1,3,0,2.3684,2.7367,0.8264,0.9417
strict_ps2n_x3.00,ex4.231_3half+,2,0,-1,0,2.4100,1.9160,0.4376,1.0589
strict_ps2n_x3.00,ex4.841_1half+,0,0,-1,0,2.1773,5.1896,6.0253,7.5201
strict_ps2n_x3.00,ex5.91_3half+,2,0,-1,0,2.3017,3.6291,2.0014,2.7756
strict_ps2n_x3.00,ex6.30_5half+,3,1,0,1,0.3934,0.7029,0.4082,0.3713
strict_bg_x0.30,ex2.763_1half-,2,1,3,1,4.0219,2.3112,1.6029,1.7735
strict_bg_x0.30,ex2.980_3half+,3,1,2,0,2.2067,2.0534,1.6271,1.4625
strict_bg_x0.30,ex3.661_NEW,2,1,3,0,2.3403,2.7478,0.8351,0.9384
strict_bg_x0.30,ex4.231_3half+,2,0,-1,0,2.3990,1.9128,0.4319,1.0491
strict_bg_x0.30,ex4.841_1half+,0,0,-1,0,2.1588,5.2219,5.9801,7.3694
strict_bg_x0.30,ex5.91_3half+,2,1,0,0,2.3650,3.3857,2.2253,3.2423
strict_bg_x0.30,ex6.30_5half+,0,1,2,0,0.3185,0.6079,0.4186,0.4508
strict_bg_x3.00,ex2.763_1half-,2,1,3,1,4.0273,2.3141,1.6046,1.7755
strict_bg_x3.00,ex2.980_3half+,3,1,2,0,2.2118,2.0570,1.6288,1.4658
strict_bg_x3.00,ex3.661_NEW,2,1,3,0,2.3296,2.7463,0.8335,0.9378
strict_bg_x3.00,ex4.231_3half+,2,0,-1,0,2.4172,1.9180,0.4358,1.0758
strict_bg_x3.00,ex4.841_1half+,0,0,-1,0,2.1426,5.2132,5.9450,7.3029
strict_bg_x3.00,ex5.91_3half+,2,1,0,0,2.3600,3.4056,2.2200,3.2527
strict_bg_x3.00,ex6.30_5half+,0,1,2,0,0.3193,0.6081,0.4188,0.4503
strict_L_s0_L3,ex2.763_1half-,2,1,3,1,3.9955,2.1526,1.5321,1.6687
strict_L_s0_L3,ex2.980_3half+,3,1,2,0,2.9195,2.6952,2.0425,1.7564
strict_L_s0_L3,ex3.661_NEW,2,1,3,0,2.3163,2.7553,0.8396,0.9289
strict_L_s0_L3,ex4.231_3half+,2,0,-1,0,2.4339,1.9326,0.4393,1.0771
strict_L_s0_L3,ex4.841_1half+,0,0,-1,0,2.1386,5.1946,5.9385,7.3230
strict_L_s0_L3,ex5.91_3half+,2,1,0,0,2.3669,3.3884,2.2272,3.2516
strict_L_s0_L3,ex6.30_5half+,0,1,2,0,0.3191,0.6094,0.4200,0.4526
strict_L_s1_L0,ex2.763_1half-,2,1,3,1,4.0167,2.3095,1.6022,1.7725
strict_L_s1_L0,ex2.980_3half+,3,1,2,0,2.2042,2.0514,1.6255,1.4604
strict_L_s1_L0,ex3.661_NEW,2,1,3,0,2.3464,2.7513,0.8354,0.9399
strict_L_s1_L0,ex4.231_3half+,2,0,-1,0,2.3960,1.9116,0.4312,1.0460
strict_L_s1_L0,ex4.841_1half+,0,0,-1,0,2.1594,5.2202,5.9827,7.3764
strict_L_s1_L0,ex5.91_3half+,2,1,0,0,2.3632,3.3861,2.2250,3.2391
strict_L_s1_L0,ex6.30_5half+,0,1,2,0,0.3187,0.6085,0.4191,0.4516
strict_L_s1_L3,ex2.763_1half-,2,1,3,1,4.0305,2.3148,1.6048,1.7757
strict_L_s1_L3,ex2.980_3half+,3,1,2,0,2.2117,2.0576,1.6301,1.4659
strict_L_s1_L3,ex3.661_NEW,2,1,3,0,2.3323,2.7425,0.8352,0.9363
strict_L_s1_L3,ex4.231_3half+,2,0,-1,0,2.3995,1.9135,0.4319,1.0488
strict_L_s1_L3,ex4.841_1half+,0,0,-1,0,2.1598,5.2231,5.9809,7.3711
strict_L_s1_L3,ex5.91_3half+,2,1,0,0,2.3595,3.3864,2.2213,3.2339
strict_L_s1_L3,ex6.30_5half+,0,1,2,0,0.3187,0.6089,0.4191,0.4515
strict_L_s2_L0,ex2.763_1half-,2,1,3,1,4.0497,2.3361,1.6210,1.7939
strict_L_s2_L0,ex2.980_3half+,3,1,2,0,2.5802,2.3937,1.8822,1.6751
strict_L_s2_L0,ex3.661_NEW,2,1,3,0,2.2453,2.7001,0.8434,0.9044
strict_L_s2_L0,ex4.231_3half+,2,0,-1,0,2.5553,2.0091,0.4635,1.1652
strict_L_s2_L0,ex4.841_1half+,0,0,-1,0,2.1215,5.2425,5.9391,7.3077
strict_L_s2_L0,ex5.91_3half+,2,1,0,0,2.3440,3.3955,2.2137,3.2274
strict_L_s2_L0,ex6.30_5half+,0,1,2,0,0.3205,0.6122,0.4218,0.4544
strict_L_s2_L3,ex2.763_1half-,2,1,3,1,3.9971,2.2783,1.5770,1.7447
strict_L_s2_L3,ex2.980_3half+,3,1,2,0,2.2201,2.0717,1.6470,1.5018
strict_L_s2_L3,ex3.661_NEW,2,1,3,0,2.4947,2.8149,0.8303,1.0110
strict_L_s2_L3,ex4.231_3half+,2,0,-1,0,2.1548,1.7647,0.3858,0.8827
strict_L_s2_L3,ex4.841_1half+,0,0,-1,0,2.2291,5.1508,5.9942,7.3764
strict_L_s2_L3,ex5.91_3half+,2,1,0,0,2.4064,3.3358,2.2500,3.2715
strict_L_s2_L3,ex6.30_5half+,0,1,2,0,0.3159,0.6045,0.4152,0.4473
strict_L_s3_L0,ex2.763_1half-,2,1,3,1,4.0114,2.3067,1.6006,1.7706
strict_L_s3_L0,ex2.980_3half+,3,1,2,0,2.1969,2.0463,1.6232,1.4557
strict_L_s3_L0,ex3.661_NEW,2,1,3,0,2.3342,2.7268,0.8366,0.9387
strict_L_s3_L0,ex4.231_3half+,2,0,-1,0,2.3769,1.9213,0.4212,0.9980
strict_L_s3_L0,ex4.841_1half+,0,0,-1,0,2.1726,5.2296,6.0434,7.4922
strict_L_s3_L0,ex5.91_3half+,2,1,0,0,2.3737,3.3860,2.2326,3.2394
strict_L_s3_L0,ex6.30_5half+,0,1,2,0,0.3179,0.6067,0.4187,0.4517
strict_L_s4_L0,ex2.763_1half-,2,1,3,1,3.6429,1.8937,1.3894,1.4926
strict_L_s4_L0,ex2.980_3half+,3,1,2,0,2.6017,2.4272,1.9363,1.7267
strict_L_s4_L0,ex3.661_NEW,2,1,3,0,2.2878,2.6991,0.8283,0.9079
strict_L_s4_L0,ex4.231_3half+,2,0,-1,0,2.5421,1.9415,0.4766,1.2310
strict_L_s4_L0,ex4.841_1half+,0,0,-1,0,2.0294,5.1891,5.7371,6.9274
strict_L_s4_L0,ex5.91_3half+,2,1,0,0,2.3228,3.5860,2.1905,3.3381
strict_L_s4_L0,ex6.30_5half+,0,1,2,0,0.3251,0.6109,0.4216,0.4496
strict_L_s5_L3,ex2.763_1half-,2,1,3,1,4.0167,2.2924,1.5895,1.7575
strict_L_s5_L3,ex2.980_3half+,3,1,2,0,2.2229,2.0651,1.6316,1.4674
strict_L_s5_L3,ex3.661_NEW,2,1,3,0,2.3350,2.7463,0.8271,0.9364
strict_L_s5_L3,ex4.231_3half+,2,0,-1,0,2.4127,1.9041,0.4383,1.0730
strict_L_s5_L3,ex4.841_1half+,0,0,-1,0,2.1170,5.3956,6.0345,7.4245
strict_L_s5_L3,ex5.91_3half+,2,1,0,0,2.5402,3.1271,2.3088,3.4793
strict_L_s5_L3,ex6.30_5half+,0,1,2,0,0.3178,0.5964,0.4034,0.4248
strict_L_s6_L3,ex2.763_1half-,2,1,3,1,4.0221,2.3115,1.6031,1.7737
strict_L_s6_L3,ex2.980_3half+,3,1,2,0,2.2067,2.0534,1.6270,1.4624
strict_L_s6_L3,ex3.661_NEW,2,1,3,0,2.3404,2.7477,0.8354,0.9382
strict_L_s6_L3,ex4.231_3half+,2,0,-1,0,2.3985,1.9130,0.4317,1.0479
strict_L_s6_L3,ex4.841_1half+,0,0,-1,0,2.1592,5.2210,5.9813,7.3736
strict_L_s6_L3,ex5.91_3half+,2,1,0,0,2.3602,3.3872,2.2226,3.2350
strict_L_s6_L3,ex6.30_5half+,0,1,2,0,0.3187,0.6090,0.4193,0.4518
strict_contam,ex2.763_1half-,3,1,2,0,2.5609,1.2370,1.1111,1.1063
strict_contam,ex2.980_3half+,3,1,2,0,2.3362,2.1487,1.6198,1.3932
strict_contam,ex3.661_NEW,2,1,3,0,2.4620,2.7895,0.8042,0.9590
strict_contam,ex4.231_3half+,2,0,-1,0,2.2649,1.8565,0.4056,0.8981
strict_contam,ex4.841_1half+,0,0,-1,0,2.1747,5.0689,5.9101,7.2894
strict_contam,ex5.91_3half+,2,1,0,0,2.4091,3.3000,2.1708,3.1537
strict_contam,ex6.30_5half+,0,1,2,0,0.3097,0.5904,0.4008,0.4271
strict_contam_bw_g0.70,ex2.763_1half-,2,1,3,1,3.4207,2.0408,1.4480,1.5836
strict_contam_bw_g0.70,ex2.980_3half+,3,1,2,0,2.9148,2.6719,2.0474,1.8252
strict_contam_bw_g0.70,ex3.661_NEW,2,1,3,0,1.8463,2.5113,0.8428,0.8486
strict_contam_bw_g0.70,ex4.231_3half+,2,0,-1,0,2.8064,2.0106,0.6023,1.7186
strict_contam_bw_g0.70,ex4.841_1half+,0,0,-1,0,1.9649,5.0173,5.2835,6.0662
strict_contam_bw_g0.70,ex5.91_3half+,2,1,0,0,2.3384,3.4363,2.0484,3.3099
strict_contam_bw_g0.70,ex6.30_5half+,0,1,2,0,0.3440,0.6224,0.4219,0.4329
strict_contam_bw_g0.85,ex2.763_1half-,2,1,3,1,3.1553,1.4879,1.2145,1.2470
strict_contam_bw_g0.85,ex2.980_3half+,3,1,2,0,2.4809,2.2761,1.6974,1.4546
strict_contam_bw_g0.85,ex3.661_NEW,2,1,3,0,2.3191,2.7603,0.7971,0.9361
strict_contam_bw_g0.85,ex4.231_3half+,2,0,-1,0,2.4618,1.8991,0.4552,1.1863
strict_contam_bw_g0.85,ex4.841_1half+,0,0,-1,0,2.0586,5.0632,5.6208,6.7209
strict_contam_bw_g0.85,ex5.91_3half+,2,1,0,0,2.3611,3.3892,2.1018,3.1932
strict_contam_bw_g0.85,ex6.30_5half+,0,1,2,0,0.3216,0.6009,0.4059,0.4251
strict_contam_bw_g1.15,ex2.763_1half-,3,1,2,0,2.2020,1.1165,1.0713,1.0462
strict_contam_bw_g1.15,ex2.980_3half+,3,1,2,0,2.3011,2.1176,1.5961,1.3692
strict_contam_bw_g1.15,ex3.661_NEW,2,1,3,0,1.3445,2.2798,0.7873,0.9113
strict_contam_bw_g1.15,ex4.231_3half+,2,0,-1,0,2.3560,1.9200,0.4320,0.8910
strict_contam_bw_g1.15,ex4.841_1half+,0,0,-1,0,1.1688,3.4357,2.6220,3.5525
strict_contam_bw_g1.15,ex5.91_3half+,2,1,0,0,2.3960,3.2281,2.1952,3.0750
strict_contam_bw_g1.15,ex6.30_5half+,0,1,2,0,0.3088,0.6021,0.4071,0.4380
strict_contam_bw_g1.30,ex2.763_1half-,3,1,2,0,2.2048,1.1134,1.0733,1.0469
strict_contam_bw_g1.30,ex2.980_3half+,3,1,2,0,2.2436,2.0255,1.4435,1.2254
strict_contam_bw_g1.30,ex3.661_NEW,2,1,3,0,2.3175,2.6461,0.8007,0.8974
strict_contam_bw_g1.30,ex4.231_3half+,2,0,-1,0,2.3795,1.9125,0.4420,0.9609
strict_contam_bw_g1.30,ex4.841_1half+,0,0,-1,0,2.2096,5.0631,5.9184,7.3772
strict_contam_bw_g1.30,ex5.91_3half+,2,1,0,0,2.3718,3.1969,2.1698,3.0721
strict_contam_bw_g1.30,ex6.30_5half+,0,1,2,0,0.3092,0.6025,0.4074,0.4381
strict_contam_no_3661,ex2.763_1half-,3,1,2,0,2.2587,1.3317,1.2658,1.2522
strict_contam_no_3661,ex2.980_3half+,2,1,3,1,1.9743,1.5042,1.1324,1.3711
strict_contam_no_3661,ex3.661_NEW,-1,0,-1,1,nan,nan,nan,nan
strict_contam_no_3661,ex4.231_3half+,2,0,-1,0,4.4596,3.8401,0.9446,2.3780
strict_contam_no_3661,ex4.841_1half+,0,0,-1,0,2.2796,4.8684,5.3441,6.1148
strict_contam_no_3661,ex5.91_3half+,2,1,0,0,2.6237,2.8720,2.3300,3.5382
strict_contam_no_3661,ex6.30_5half+,0,1,2,0,0.3057,0.5827,0.3983,0.4226
strict_contam_ps1n_x0.30,ex2.763_1half-,3,1,2,0,2.5763,1.2431,1.1158,1.1115
strict_contam_ps1n_x0.30,ex2.980_3half+,3,1,2,0,2.3317,2.1445,1.6169,1.3911
strict_contam_ps1n_x0.30,ex3.661_NEW,2,1,3,0,2.4895,2.7975,0.8021,0.9615
strict_contam_ps1n_x0.30,ex4.231_3half+,2,0,-1,0,2.2382,1.8562,0.3990,0.8546
strict_contam_ps1n_x0.30,ex4.841_1half+,0,0,-1,0,2.1718,5.0374,5.9172,7.2901
strict_contam_ps1n_x0.30,ex5.91_3half+,2,1,0,0,2.4906,3.2869,2.2160,3.2579
strict_contam_ps1n_x0.30,ex6.30_5half+,0,1,2,0,0.3065,0.5751,0.3934,0.4178
strict_contam_ps1n_x3.00,ex2.763_1half-,3,1,2,0,2.5475,1.2324,1.1104,1.1046
strict_contam_ps1n_x3.00,ex2.980_3half+,3,1,2,0,2.3335,2.1453,1.6149,1.3885
strict_contam_ps1n_x3.00,ex3.661_NEW,2,1,3,0,2.4615,2.7884,0.8042,0.9583
strict_contam_ps1n_x3.00,ex4.231_3half+,2,0,-1,0,2.2656,1.8582,0.4056,0.8959
strict_contam_ps1n_x3.00,ex4.841_1half+,0,0,-1,0,2.1740,5.0652,5.9120,7.2918
strict_contam_ps1n_x3.00,ex5.91_3half+,2,1,0,0,2.4148,3.3011,2.1739,3.1610
strict_contam_ps1n_x3.00,ex6.30_5half+,0,1,2,0,0.3095,0.5893,0.4003,0.4265
strict_contam_ps2n_x0.30,ex2.763_1half-,3,1,2,0,2.5557,1.2356,1.1120,1.1066
strict_contam_ps2n_x0.30,ex2.980_3half+,3,1,2,0,2.3301,2.1432,1.6161,1.3903
strict_contam_ps2n_x0.30,ex3.661_NEW,2,1,3,0,2.4825,2.7985,0.8038,0.9635
strict_contam_ps2n_x0.30,ex4.231_3half+,2,0,-1,0,2.2439,1.8552,0.4003,0.8669
strict_contam_ps2n_x0.30,ex4.841_1half+,0,0,-1,0,2.1749,5.0448,5.9289,7.3185
strict_contam_ps2n_x0.30,ex5.91_3half+,2,1,0,0,2.4479,3.3072,2.1923,3.2021
strict_contam_ps2n_x0.30,ex6.30_5half+,0,1,2,0,0.3084,0.5831,0.3976,0.4232
strict_contam_ps2n_x3.00,ex2.763_1half-,3,1,2,0,2.5300,1.2351,1.1311,1.1215
strict_contam_ps2n_x3.00,ex2.980_3half+,3,1,2,0,2.4161,2.2239,1.6938,1.4673
strict_contam_ps2n_x3.00,ex3.661_NEW,2,1,3,0,2.5522,2.7962,0.7880,0.9765
strict_contam_ps2n_x3.00,ex4.231_3half+,2,0,-1,0,2.2288,1.8469,0.3993,0.8617
strict_contam_ps2n_x3.00,ex4.841_1half+,0,0,-1,0,2.2077,5.0346,6.0119,7.6076
strict_contam_ps2n_x3.00,ex5.91_3half+,2,0,-1,0,2.3882,3.5536,2.0239,2.8662
strict_contam_ps2n_x3.00,ex6.30_5half+,3,1,0,1,0.3814,0.6758,0.3955,0.3605
strict_contam_bg_x0.30,ex2.763_1half-,3,1,2,0,2.5480,1.2322,1.1102,1.1044
strict_contam_bg_x0.30,ex2.980_3half+,3,1,2,0,2.3382,2.1481,1.6131,1.3857
strict_contam_bg_x0.30,ex3.661_NEW,2,1,3,0,2.4420,2.7790,0.8042,0.9532
strict_contam_bg_x0.30,ex4.231_3half+,2,0,-1,0,2.2854,1.8613,0.4106,0.9222
strict_contam_bg_x0.30,ex4.841_1half+,0,0,-1,0,2.1727,5.0806,5.8952,7.2662
strict_contam_bg_x0.30,ex5.91_3half+,2,1,0,0,2.3880,3.2972,2.1591,3.1276
strict_contam_bg_x0.30,ex6.30_5half+,0,1,2,0,0.3107,0.5949,0.4029,0.4295
strict_contam_bg_x3.00,ex2.763_1half-,3,1,2,0,2.5505,1.2333,1.1107,1.1051
strict_contam_bg_x3.00,ex2.980_3half+,3,1,2,0,2.3355,2.1465,1.6141,1.3873
strict_contam_bg_x3.00,ex3.661_NEW,2,1,3,0,2.4549,2.7852,0.8042,0.9566
strict_contam_bg_x3.00,ex4.231_3half+,2,0,-1,0,2.2720,1.8592,0.4072,0.9042
strict_contam_bg_x3.00,ex4.841_1half+,0,0,-1,0,2.1736,5.0697,5.9064,7.2836
strict_contam_bg_x3.00,ex5.91_3half+,2,1,0,0,2.4061,3.3000,2.1692,3.1504
strict_contam_bg_x3.00,ex6.30_5half+,0,1,2,0,0.3099,0.5911,0.4012,0.4275
strict_contam_L_s0_L3,ex2.763_1half-,2,1,3,1,2.6294,1.2540,1.1043,1.1051
strict_contam_L_s0_L3,ex2.980_3half+,3,1,2,0,2.2380,2.0684,1.5915,1.3810
strict_contam_L_s0_L3,ex3.661_NEW,2,1,3,0,2.4082,2.7485,0.8193,0.9819
strict_contam_L_s0_L3,ex4.231_3half+,2,0,-1,0,2.2490,1.8437,0.4022,0.8965
strict_contam_L_s0_L3,ex4.841_1half+,0,0,-1,0,2.2107,5.0986,5.9298,7.3004
strict_contam_L_s0_L3,ex5.91_3half+,2,1,0,0,2.4127,3.3330,2.1773,3.1394
strict_contam_L_s0_L3,ex6.30_5half+,0,1,2,0,0.3102,0.5936,0.4006,0.4261
strict_contam_L_s1_L0,ex2.763_1half-,3,1,2,0,2.5406,1.2303,1.1090,1.1031
strict_contam_L_s1_L0,ex2.980_3half+,3,1,2,0,2.3357,2.1470,1.6154,1.3886
strict_contam_L_s1_L0,ex3.661_NEW,2,1,3,0,2.4562,2.7863,0.8044,0.9573
strict_contam_L_s1_L0,ex4.231_3half+,2,0,-1,0,2.2745,1.8589,0.4079,0.9088
strict_contam_L_s1_L0,ex4.841_1half+,0,0,-1,0,2.1733,5.0730,5.9035,7.2798
strict_contam_L_s1_L0,ex5.91_3half+,2,1,0,0,2.4010,3.2987,2.1667,3.1446
strict_contam_L_s1_L0,ex6.30_5half+,0,1,2,0,0.3101,0.5923,0.4017,0.4282
strict_contam_L_s1_L3,ex2.763_1half-,3,1,2,0,2.5646,1.2373,1.1129,1.1076
strict_contam_L_s1_L3,ex2.980_3half+,3,1,2,0,2.3406,2.1499,1.6133,1.3856
strict_contam_L_s1_L3,ex3.661_NEW,2,1,3,0,2.4410,2.7782,0.8038,0.9526
strict_contam_L_s1_L3,ex4.231_3half+,2,0,-1,0,2.2800,1.8610,0.4092,0.9140
strict_contam_L_s1_L3,ex4.841_1half+,0,0,-1,0,2.1742,5.0769,5.9012,7.2746
strict_contam_L_s1_L3,ex5.91_3half+,2,1,0,0,2.3967,3.2999,2.1636,3.1379
strict_contam_L_s1_L3,ex6.30_5half+,0,1,2,0,0.3103,0.5930,0.4019,0.4283
strict_contam_L_s2_L0,ex2.763_1half-,3,1,2,0,2.2992,1.1484,1.0737,1.0568
strict_contam_L_s2_L0,ex2.980_3half+,3,1,2,0,2.2974,2.1170,1.6093,1.3891
strict_contam_L_s2_L0,ex3.661_NEW,2,1,3,0,2.4071,2.7684,0.8017,0.9326
strict_contam_L_s2_L0,ex4.231_3half+,2,0,-1,0,2.3678,1.9220,0.4234,0.9617
strict_contam_L_s2_L0,ex4.841_1half+,0,0,-1,0,2.1450,5.0863,5.8965,7.2844
strict_contam_L_s2_L0,ex5.91_3half+,2,1,0,0,2.3894,3.3145,2.1572,3.1367
strict_contam_L_s2_L0,ex6.30_5half+,0,1,2,0,0.3109,0.5928,0.4028,0.4294
strict_contam_L_s2_L3,ex2.763_1half-,2,1,3,1,3.1451,1.4706,1.2110,1.2389
strict_contam_L_s2_L3,ex2.980_3half+,3,1,2,0,2.4109,2.2032,1.6191,1.3802
strict_contam_L_s2_L3,ex3.661_NEW,2,1,3,0,2.5309,2.8203,0.8114,1.0091
strict_contam_L_s2_L3,ex4.231_3half+,2,0,-1,0,2.1300,1.7615,0.3844,0.8307
strict_contam_L_s2_L3,ex4.841_1half+,0,0,-1,0,2.2402,5.0247,5.8986,7.2485
strict_contam_L_s2_L3,ex5.91_3half+,2,1,0,0,2.4597,3.2914,2.2152,3.1954
strict_contam_L_s2_L3,ex6.30_5half+,0,1,2,0,0.3085,0.5915,0.3996,0.4257
strict_contam_L_s3_L0,ex2.763_1half-,3,1,2,0,2.5481,1.2326,1.1106,1.1049
strict_contam_L_s3_L0,ex2.980_3half+,3,1,2,0,2.3346,2.1464,1.6162,1.3897
strict_contam_L_s3_L0,ex3.661_NEW,2,1,3,0,2.4429,2.7631,0.8032,0.9560
strict_contam_L_s3_L0,ex4.231_3half+,2,0,-1,0,2.2689,1.8717,0.4032,0.8795
strict_contam_L_s3_L0,ex4.841_1half+,0,0,-1,0,2.1726,5.0637,5.9363,7.3335
strict_contam_L_s3_L0,ex5.91_3half+,2,1,0,0,2.4436,3.3043,2.1905,3.1979
strict_contam_L_s3_L0,ex6.30_5half+,0,1,2,0,0.3085,0.5840,0.3981,0.4238
strict_contam_L_s4_L0,ex2.763_1half-,2,1,3,1,2.6824,1.2801,1.1213,1.1257
strict_contam_L_s4_L0,ex2.980_3half+,3,1,2,0,2.3274,2.1620,1.6803,1.4552
strict_contam_L_s4_L0,ex3.661_NEW,2,1,3,0,2.5941,2.7987,0.8241,0.9299
strict_contam_L_s4_L0,ex4.231_3half+,2,0,-1,0,2.2922,1.8627,0.4217,0.8988
strict_contam_L_s4_L0,ex4.841_1half+,0,0,-1,0,2.2674,5.3423,6.4122,7.9168
strict_contam_L_s4_L0,ex5.91_3half+,2,1,0,0,2.3524,3.3944,2.1387,3.1103
strict_contam_L_s4_L0,ex6.30_5half+,0,1,2,0,0.3115,0.5991,0.4073,0.4360
strict_contam_L_s5_L3,ex2.763_1half-,2,1,3,1,2.9330,1.3840,1.1750,1.1911
strict_contam_L_s5_L3,ex2.980_3half+,3,1,2,0,2.3564,2.1644,1.6239,1.3953
strict_contam_L_s5_L3,ex3.661_NEW,2,1,3,0,2.4610,2.7824,0.7916,0.9567
strict_contam_L_s5_L3,ex4.231_3half+,2,0,-1,0,2.2730,1.8485,0.4099,0.9131
strict_contam_L_s5_L3,ex4.841_1half+,0,0,-1,0,2.1250,5.2208,5.9658,7.3606
strict_contam_L_s5_L3,ex5.91_3half+,2,0,-1,0,2.5648,3.0501,2.2483,3.3677
strict_contam_L_s5_L3,ex6.30_5half+,0,1,2,0,0.3137,0.5878,0.3943,0.4124
strict_contam_L_s6_L3,ex2.763_1half-,3,1,2,0,2.5534,1.2345,1.1114,1.1058
strict_contam_L_s6_L3,ex2.980_3half+,3,1,2,0,2.3339,2.1455,1.6143,1.3877
strict_contam_L_s6_L3,ex3.661_NEW,2,1,3,0,2.4626,2.7890,0.8039,0.9586
strict_contam_L_s6_L3,ex4.231_3half+,2,0,-1,0,2.2641,1.8582,0.4052,0.8935
strict_contam_L_s6_L3,ex4.841_1half+,0,0,-1,0,2.1744,5.0633,5.9136,7.2941
strict_contam_L_s6_L3,ex5.91_3half+,2,1,0,0,2.4200,3.3027,2.1770,3.1669
strict_contam_L_s6_L3,ex6.30_5half+,0,1,2,0,0.3092,0.5883,0.3998,0.4259
